Date,Real_GDP_Crore,GVA_Agriculture,GVA_Construction,GVA_Utilities,GVA_Finance_RealEstate,GVA_Manufacturing,GVA_Mining,GVA_PublicAdmin,GVA_Trade_Transport,CPI,IIP_General,WPI_All_Commodities,USD_INR_Rate,Repo_Rate,GSec_10Y_Yield,Non_Food_Credit,Nifty50_Price,Forex_Reserves_INR_Crore,Inflation_Rate_Monthly_RBI,Gross_Bank_Credit,Credit_to_Industry,Credit_to_Services,Personal_Loans,GST_Collection,Urban_Youth_Unemployment_Rate,Female_Labor_Force_Participation,Gross_Fiscal_Deficit_Percent_GDP,Gross_Fixed_Capital_Formation_Percent_GDP,Power_Consumption_KWh,Infant_Mortality_Rate,Life_Expectancy_Years,Gini_Index,HDI_Score,Expected_Years_Schooling,GNI_Per_Capita_PPP
2011-06-01,687549.32,112036.27929064243,62258.87858319486,15434.14700845043,134831.00456804642,118674.10254537371,22624.30821937196,77632.78309040166,112885.9726512434,90.3195527319882,101.2357252332855,95.51192660550456,44.7,7.25,7.779876149460808,2639595.0,5647.39990234375,6311094.66,6.41244355380225,2639595.0,1058085.0,635097.0,556393.0,1e-06,23.86521673599525,27.24418082191781,7.1363846994535525,33.95081711129779,691.2995757870711,43.731232876712326,67.81040547945206,28.8,0.6054821917808219,11.722904416465754,5305.33988080274
2011-07-01,680956.72,104749.89699891511,62685.491450939764,15451.930878722611,135497.6225231044,116183.0357115474,21438.922356978484,81205.91462519842,113085.82541759439,91.73079574342552,101.0067832637257,96.19816513761468,44.21,7.5,7.903121213005214,2659922.950819672,5482.0,6229639.942,6.354436398640537,2659922.950819672,1079517.786885246,637737.0,556948.9836065574,1e-06,23.913049524458184,27.176865753424657,7.213466666666667,33.87877746845185,693.8219226627934,43.5586301369863,67.84763835616438,28.7740157480315,0.6059753424657534,11.728871491260277,5321.4391624191785
2011-08-01,701428.5213405797,97220.63529746355,63126.32474760948,15470.307544670526,136186.4610766643,113608.93331659354,20214.02363250523,84898.15054448841,113292.3399428237,92.72696728091069,100.77020989518051,96.6348623853211,45.8,8.0,8.149611340094026,2680928.5,5001.0,6786469.959999999,6.153264233564384,2680928.5,1101665.0,640465.0,557523.5,1e-06,23.96279504340941,27.107306849315066,7.293118032786885,33.804336504177705,696.4283477677064,43.38027397260274,67.88611232876713,28.748031496062993,0.6064849315068493,11.735037468547944,5338.075086756165
2011-09-01,721900.3226811594,89691.37359601197,63567.158044279204,15488.684210618443,136875.2996302242,111034.83092163969,18989.124908031972,88590.3864637784,113498.85446805305,93.80615311318628,100.53363652663538,97.445871559633,49.02,8.0,8.149611340094026,2701934.049180328,4943.25,7471045.062000001,6.047173059709756,2701934.049180328,1123812.213114754,643193.0,558098.0163934426,1e-06,24.012011389869592,27.03774794520548,7.372769398907104,33.729895539903566,699.0347728726194,43.20191780821918,67.92458630136986,28.72204724409449,0.6069945205479452,11.741203445835616,5354.711011093151
2011-10-01,741711.7433333333,115173.95103049313,64119.0598469976,15505.925552478047,129151.93036280113,111097.46394894323,19855.215041510597,86061.65109325669,114428.58062975433,94.47026747150971,100.74877270649574,97.94495412844036,48.695,8.25,8.88,2722262.0,5326.60009765625,7524930.8705,6.012901096663168,2722262.0,1145245.0,645833.0,558654.0,1e-06,24.05832439053303,26.970432876712326,7.449851366120218,33.65785589705762,701.5571197483417,43.02931506849315,67.9618191780822,28.696062992125984,0.6074876712328767,11.747170520630135,5370.810292709589
2011-11-01,757473.0160507247,141505.94771279034,64689.358376473276,15523.74160573297,121171.11545313067,111162.18474382354,20750.17484610518,83448.62454371764,115389.29766351229,94.719310355881,100.97108009235144,98.19449541284403,52.13,8.5,8.21,2762746.475409836,4832.0498046875,8373266.564,5.829230247510173,2762746.475409836,1162101.8852459015,653943.8196721311,562447.1803278689,1e-06,24.10398263712023,26.90087397260274,7.529502732240437,33.583414932783484,704.1635448532547,42.85095890410959,68.00029315068493,28.670078740157482,0.6079972602739726,11.75333649791781,5387.446217046576
2011-12-01,772725.860615942,166988.52514727152,65241.26017919168,15540.982947592574,113447.74618570761,111224.81777112708,21616.264979583804,80919.88917319594,116319.02382521356,94.30423888192884,101.1862162722118,98.13211009174312,53.015,8.5,8.56,2801925.0,4624.2998046875,8378808.69,5.816036617533476,2801925.0,1178415.0,661793.0,566118.0,1e-06,24.145237382051985,26.833558904109587,7.606584699453552,33.51137528993754,706.685891728977,42.67835616438356,68.03752602739725,28.644094488188976,0.6084904109589041,11.75930357271233,5403.545498663014
2012-01-01,788487.1333333333,155046.3679124999,66196.10462690076,15615.202245667211,117430.42281360047,117300.99303908522,22354.073939583224,85665.60765038674,120412.43676082324,94.63629606109058,102.47619987997888,98.69357798165136,49.515,8.5,8.27,2801925.0,5199.25,7201763.641500001,5.99850075408882,2801925.0,1178415.0,661793.0,566118.0,1e-06,24.184,26.764,7.686236065573771,33.4369343256634,709.29231683389,42.5,68.076,28.618110236220474,0.609,11.76546955,5420.181423
2012-02-01,770291.614065934,143104.21067772826,67150.94907460983,15689.421543741848,121413.0994414933,123377.16830704336,23091.882899582648,90411.32612757751,124505.8496964329,95.13438182983316,103.77466787669624,99.06788990825687,49.11,8.5,8.450833333333332,2801925.0,5385.2001953125,7109851.140000001,6.024335080552547,2801925.0,1178415.0,661793.0,566118.0,1e-06,24.220279278859355,26.75646174863388,7.765887431693989,33.255581490104085,712.2152301028442,42.330601092896174,68.11182786885246,28.592125984251968,0.6095081967213115,11.76916075726776,5442.850997887978
2012-03-01,753269.9992673993,131932.51520003867,68044.19065472479,15758.852500005218,125138.8291901673,129061.3322673913,23782.091281517594,94850.8692191431,128335.17147490646,95.88151048294704,104.9893637445931,100.06605504587156,50.875,8.5,8.62,2801925.0,5295.5498046875,7662482.1625,6.021730993382708,2801925.0,1178415.0,661793.0,566118.0,1e-06,24.25371208837948,26.749409836065578,7.8404,33.08592883748408,714.9495683221884,42.17213114754098,68.14534426229507,28.566141732283466,0.609983606557377,11.772613822131149,5464.058019557377
2012-04-01,735074.48,125800.09064607632,66441.76346326187,15894.01269440145,132672.0926154791,125821.57212085601,23718.50766295165,90896.1204082474,127109.7142364967,97.20973919959393,99.3,101.62568807339449,52.665,8.5,8.65,2801925.0,5248.14990234375,8155343.778,6.044584614409686,2801925.0,1178415.0,661793.0,566118.0,1e-06,24.28878045086872,26.741871584699453,7.759044109589041,32.90457600192475,717.8724815911426,42.00273224043716,68.18117213114753,28.54015748031496,0.6104918032786885,11.776305029398909,5486.727594445355
2012-05-01,734054.9679120878,119865.48623901598,64891.027471523594,16024.812882526841,139962.34754320022,122686.32036614443,23656.97512885557,87068.94413963867,125923.7878767453,98.12289644228863,105.0,101.93761467889908,56.04,8.0,8.38,2801925.0,4924.25,9043298.088,6.004534137672103,2801925.0,1178415.0,661793.0,566118.0,1e-06,24.321932313263563,26.73457650273224,7.680312602739725,32.72907325783509,720.7011073352917,41.83879781420765,68.21584426229508,28.514173228346458,0.610983606557377,11.779877165464482,5508.665892724043
2012-06-01,733001.4720879121,113733.06168505363,63288.600280060695,16159.973076923074,147495.61096851205,119446.56021960912,23593.391510289628,83114.19532874294,124698.33063833555,99.28509656935468,102.3,102.4366972477064,55.51,8.0,8.15,2801925.0,5278.89990234375,9056489.806,6.003415239184079,2801925.0,1178415.0,661793.0,566118.0,1e-06,24.355244797693427,26.72703825136612,7.598956712328767,32.547720422275766,723.6240206042459,41.66939890710383,68.25167213114753,28.488188976377952,0.6114918032786885,11.78356837273224,5531.335467612022
2012-07-01,731981.96,106468.20077389822,62883.312638204,16030.632218506129,148618.93636640298,121143.69625550753,21945.355240282883,86534.08129700476,125005.4612874532,100.77935387558244,101.5,103.1229357798165,55.56,8.0,8.25,2801925.0,5229.0,8954355.18,5.978402305425204,2801925.0,1178415.0,661793.0,566118.0,1e-06,24.386441399011865,26.719743169398907,7.520225205479452,32.372217678186104,726.4526463483951,41.50546448087432,68.28634426229507,28.46220472440945,0.611983606557377,11.787140508797815,5553.27376589071
2012-08-01,748697.3992391304,98961.17783237096,62464.51540828542,15896.979998141951,149779.7059442236,122897.40349260253,20242.38442794258,90067.96346420865,125322.82962487474,102.02456829743888,99.9,104.12110091743118,55.525,8.0,8.24,2801925.0,5258.5,8986454.73,6.011823213534754,2801925.0,1178415.0,661793.0,566118.0,1e-06,24.417468888609864,26.712204918032786,7.438869315068493,32.19086484262679,729.3755596173493,41.33606557377049,68.32217213114754,28.436220472440944,0.6124918032786885,11.790831716065574,5575.943340778688
2012-09-01,765412.8384782608,91454.15489084368,62045.718178366835,15763.327777777777,150940.47552204423,124651.11072969757,18539.413615602276,93601.84563141254,125640.1979622963,102.9377255401336,99.0,105.05688073394496,52.855,8.0,8.28,2801925.0,5703.2998046875,8211404.806,6.165413062454684,2801925.0,1178415.0,661793.0,566118.0,1e-06,24.44713237773901,26.704666666666668,7.357513424657534,32.009512007067464,732.2984728863033,41.16666666666666,68.35799999999999,28.41023622047244,0.613,11.794522923333334,5598.612915666667
2012-10-01,781589.07,116914.18714317377,62917.37682321383,15841.785089696627,142716.48630272134,122653.80889235543,19554.848813272263,89953.12925369217,126328.51947428059,103.68485419324747,103.7,104.86972477064218,53.805,8.0,8.21,2801925.0,5619.7001953125,8597194.2615,6.052592267007077,2801925.0,1178415.0,661793.0,566118.0,1e-06,24.47441155835604,26.697371584699457,7.278781917808219,31.8340092629778,735.1270986304526,41.00273224043716,68.39267213114753,28.38425196850394,0.6134918032786885,11.798095059398907,5620.551213945355
2012-11-01,795327.3107971015,143222.88713724815,63818.09075622241,15922.857645346106,134218.36410942095,120589.9303271019,20604.13185086458,86182.78899671447,127039.78503666434,104.09992566719964,98.3,104.99449541284405,54.265,8.0,8.18,2801925.0,5879.85009765625,8714193.8635,6.020085518808731,2801925.0,1178415.0,661793.0,566118.0,1e-06,24.500992040471868,26.689833333333333,7.197426027397261,31.65265642741848,738.0500118994067,40.833333333333336,68.4285,28.358267716535433,0.614,11.801786266666667,5643.220788833333
2012-12-01,808622.382536232,168682.91938957825,64689.74940106941,16001.314957264956,125994.37489009804,118592.62848975975,21619.567048534565,82534.0726189941,127728.10654864863,104.26595425678047,107.1,104.99449541284405,54.995,8.0,8.05,2801925.0,5905.10009765625,8906016.7885,5.979489292019913,2801925.0,1178415.0,661793.0,566118.0,1e-06,24.525031641669976,26.68253825136612,7.118694520547946,31.47715368332882,740.8786376435559,40.66939890710383,68.46317213114753,28.33228346456693,0.6144918032786885,11.80535840273224,5665.159087112022
2013-01-01,822360.6233333334,156814.43604596407,66516.29869945666,15984.920284900285,129296.10060154715,123532.57295551027,22365.039582259964,87619.65343705377,131604.1061828811,104.6,107.2,105.9302752293578,53.275,8.0,7.91,2801925.0,6034.75,8389379.4025,6.136394714644972,2801925.0,1178415.0,661793.0,566118.0,1e-06,24.548,26.675,7.037338630136986,31.2958008477695,743.80155091251,40.5,68.499,28.306299212598425,0.615,11.80904961,5687.828662
2013-02-01,808618.9548148148,144945.9527023499,68342.84799784391,15968.525612535612,132597.82631299624,128472.51742126081,23110.512115985362,92705.23425511348,135480.10581711357,105.3,101.4,106.30458715596328,54.37,7.75,7.87,2801925.0,5693.0498046875,8505300.269,6.148857695518409,2801925.0,1178415.0,661793.0,566118.0,1e-06,24.569145765523366,26.67024383561644,6.955982739726028,31.192561183505127,749.2789413232726,40.33013698630137,68.53577534246575,28.280314960629923,0.6158493150684932,11.839359172054795,5717.560892879452
2013-03-01,796207.1251851852,134226.03226295643,69992.63446090337,15953.717521367522,135580.03018140187,132934.4027451645,23783.842146447012,97298.66209078029,138981.00871254937,105.5,115.2,106.11743119266052,54.285,7.75,7.95,3749469.0,5682.5498046875,8622737.969999999,6.1156055242564165,3749469.0,1613184.0,890781.0,699657.0,1e-06,24.586949464429352,26.66594794520548,6.8825,31.09931245449215,754.226261694284,40.17671232876712,68.56899178082192,28.254330708661417,0.6166164383561644,11.866735550684933,5744.41581109315
2013-04-01,782465.4566666667,128809.05442969837,68727.75964992694,16133.758566957897,145480.1153157756,131167.931615324,23422.446568345385,94695.8546876188,135818.25246964613,106.1,102.6,106.86605504587156,53.685,7.5,7.73,2801925.0,5930.2001953125,8554436.325,6.247155303329345,2801925.0,1178415.0,661793.0,566118.0,1e-06,24.605436402900832,26.66119178082192,6.864783287671233,30.99607279022777,759.7036521050466,40.00684931506849,68.60576712328766,28.228346456692915,0.6174657534246575,11.897045112739727,5774.148041972603
2013-05-01,783529.4676556777,123566.81781686796,67503.68725220783,16307.991836884059,155060.84286516948,129458.44342515572,23072.708912118007,92177.0088135916,132757.5206216752,106.9,106.0,106.92844036697248,56.58,7.5,7.44,2801925.0,5985.9501953125,9202680.42,6.08366197216956,2801925.0,1178415.0,661793.0,566118.0,1e-06,24.622310025178635,26.65658904109589,6.847638082191781,30.89616343771388,765.0043525025586,39.842465753424655,68.64135616438355,28.20236220472441,0.6182876712328768,11.926376946986302,5802.921168630137
2013-06-01,784628.9456776557,118149.8399836099,66238.8124412314,16488.032882474436,164960.9279995432,127691.97229531522,22711.31333401638,89574.20141043012,129594.764378772,109.3,101.3,108.05137614678895,59.533,7.25,7.39,2801925.0,5842.2001953125,10038633.059,5.992571720609936,2801925.0,1178415.0,661793.0,566118.0,1e-06,24.63891742372177,26.65183287671233,6.829921369863014,30.792923773449505,770.4817429133212,39.67260273972602,68.67813150684931,28.176377952755907,0.6191369863013698,11.956686509041097,5832.653399509589
2013-07-01,785692.9566666667,111075.48686613578,65775.91442003183,16554.574974319552,168152.58457597953,128182.33728286486,21355.538548983455,91953.13640079401,131019.81461455997,111.0,104.7,109.48623853211008,60.855,7.25,8.17,2801925.0,5742.0,10323259.635,8.6,2801925.0,1178415.0,661793.0,566118.0,1e-06,24.65439983339232,26.647230136986305,6.812776164383561,30.6930144209356,775.7824433108334,39.50821917808219,68.7137205479452,28.1503937007874,0.619958904109589,11.986018343287672,5861.426526167124
2013-08-01,801520.7558333334,103765.3219780792,65297.586464792235,16623.335135892838,171450.6297049638,128689.04776999954,19954.571271116092,94411.36922417,132492.3665248742,112.4,104.3,111.6697247706422,65.705,7.25,8.6,2801925.0,5471.7998046875,12050691.23,8.6,2801925.0,1178415.0,661793.0,566118.0,1e-06,24.67001159914214,26.64247397260274,6.795059452054795,30.589774756671225,781.2598337215959,39.33835616438356,68.75049589041096,28.1244094488189,0.6208082191780822,12.016327905342466,5891.158757046575
2013-09-01,817348.555,96455.15709002262,64819.25850955267,16692.095297466123,174748.67483394803,129195.75825713419,18553.603993248733,96869.60204754602,133964.91843518845,113.7,105.7,112.73027522935776,62.59,7.25,8.54,2801925.0,5735.2998046875,10893101.010000002,8.6,2801925.0,1178415.0,661793.0,566118.0,1e-06,24.685456127580046,26.63771780821918,6.777342739726027,30.486535092406857,786.7372241323585,39.16849315068493,68.7872712328767,28.098425196850393,0.6216575342465753,12.04663746739726,5920.890987926027
2013-10-01,832665.7799999999,123927.12004748726,65260.127611157746,16643.86159373597,162174.73294095643,128052.71537402063,19516.063153249943,93293.85864898413,135732.0991352362,114.8,105.7,112.73027522935776,61.624,7.5,8.55,2801925.0,6299.14990234375,10654543.104,8.6,2801925.0,1178415.0,661793.0,566118.0,1e-06,24.700458230298583,26.63311506849315,6.760197534246576,30.38662573989295,792.0379245298707,39.00410958904109,68.82286027397261,28.07244094488189,0.6224794520547945,12.075969301643836,5949.664114583562
2013-11-01,843998.7757246377,152314.8151035341,65715.69234948298,16594.02009988148,149181.6596515318,126871.57106146996,20510.60428525119,89598.9238038035,137558.18585861888,116.3,101.9,113.22935779816513,62.399,7.75,8.75,3950275.0,6176.10009765625,11317119.433,8.6,3950275.0,1748136.0,935320.0,727102.0,1e-06,24.71624023178615,26.62835890410959,6.742480821917808,30.283386075628577,797.5153149406333,38.83424657534247,68.85963561643835,28.046456692913388,0.6233287671232877,12.10627886369863,5979.396345463014
2013-12-01,854966.190942029,179786.77806099877,66156.56145108807,16545.786396151332,136607.71775854024,125728.5281783564,21473.0634452524,86023.1804052416,139325.36655866663,114.5,110.9,112.04403669724768,61.8,7.75,8.84,4130467.0,6304.0,11241481.8,8.6,4130467.0,1835773.0,970095.0,758425.0,1e-06,24.731996618327752,26.62375616438356,6.725335616438356,30.18347672311468,802.8160153381453,38.66986301369863,68.89522465753424,28.020472440944882,0.6241506849315068,12.135610697945204,6008.169472120549
2014-01-01,866299.1866666666,166773.9808839337,67380.17720903215,16636.019024230518,139895.04763439382,129824.47904401814,22675.49909153632,90078.79246629709,142245.15593667698,113.6,112.3,111.6697247706422,62.68,7.75,8.81,4122204.0,6089.5,11398420.68,8.6,4122204.0,1824148.0,970028.0,756265.0,1e-06,24.749,26.619,6.707618904109589,30.0802370588503,808.293405748908,38.5,68.932,27.99448818897638,0.625,12.16592026,6037.901703
2014-02-01,859048.9789999999,153761.18370686867,68603.79296697621,16726.251652309707,143182.37751024743,133920.4299096799,23877.934737820247,94134.40452735256,145164.9453146873,113.6,106.7,111.98165137614676,61.79,8.0,8.86,4179680.000000001,6276.9501953125,11289959.85,7.88,4179680.000000001,1854492.0,982729.0,760949.0,1e-06,24.766413301421647,26.617131506849315,6.6899021917808215,29.96582642642927,811.0784782029518,38.3386301369863,68.96546301369864,27.968503937007874,0.6256794520547945,12.174440576876712,6072.354958446575
2014-03-01,852500.4043333334,142007.6894824228,69708.99429673217,16807.752090574784,146151.57868843776,137619.9984335034,24964.005644141213,97797.53800185428,147802.17443030953,114.31186440677966,118.5,112.48073394495412,60.005,8.0,8.84,4371352.0,6704.2001953125,10971194.19,8.25,4371352.0,1937325.0,1022960.0,782835.0,1e-06,24.782106573370875,26.61544383561644,6.6739,29.862487790694143,813.5940275162818,38.19287671232877,68.99568767123287,27.942519685039372,0.6262931506849315,12.182136346958904,6103.474027882192
2014-04-01,845250.1966666667,134890.01579628466,69759.75877385575,17198.212638817164,157564.51257095663,138665.52383336416,25485.583436723526,95951.16040499228,146554.4358265697,115.1,106.6,112.7926605504587,60.34,8.0,8.8891,4364461.0,6696.39990234375,11322257.94,8.48,4364461.0,1936299.0,1025005.0,785160.0,1e-06,24.799475956317607,26.61357534246575,6.676940547945205,29.748077158273112,816.3790999703257,38.03150684931507,69.02915068493151,27.916535433070866,0.626972602739726,12.190656663835616,6137.927283328768
2014-05-01,848161.2944688643,128001.94448711869,69808.88568720115,17576.07768550334,168609.2872959749,139677.32260742298,25990.336139222545,94164.34337577097,145346.94685520857,115.8,111.0,113.5412844036697,59.18,8.0,8.6707,4390829.0,7229.9501953125,10907288.26,8.33,4390829.0,1949369.0,1012343.0,788282.0,1e-06,24.816312667210173,26.61176712328767,6.67988301369863,29.637357191414047,819.0743313774649,37.87534246575343,69.06153424657535,27.890551181102364,0.6276301369863013,12.198902131780825,6171.269143438357
2014-06-01,851169.4288644688,120884.27080098052,69859.65016432473,17966.538233745723,180022.22117849372,140722.84800728376,26511.91393180486,92317.96577890897,144099.20825146875,116.7,109.7,114.16513761467888,60.045,8.0,8.7157,4502080.0,7611.35009765625,11451061.86,6.77,4502080.0,1999126.0,1048513.0,800927.0,1e-06,24.83377434362036,26.609898630136986,6.682923561643835,29.522946558993016,821.8594038315088,37.71397260273972,69.09499726027397,27.864566929133858,0.6283095890410959,12.207422448657535,6205.722398884932
2014-07-01,854080.5266666667,114019.16939727752,69352.35034162541,18073.10733946004,185750.7555437596,140895.4975740164,24164.514077593045,96211.01991048199,144157.54630793756,119.2,110.4,115.41284403669724,60.55,8.0,8.5083,4439314.0,7721.2998046875,11709098.45,7.39,4439314.0,1964954.0,1035607.0,799961.0,1e-06,24.850768110628472,26.608090410958905,6.68586602739726,29.41222659213395,824.554635238648,37.557808219178085,69.12738082191781,27.838582677165356,0.6289671232876712,12.21566791660274,6239.064258994521
2014-08-01,863482.2369927536,106925.23128011776,68828.14052483613,18183.22874869817,191670.2410545343,141073.90212630676,21738.867561574167,100233.84251310745,144217.82896628862,120.3,108.0,115.9743119266055,60.505,8.0,8.5731,4452349.0,7954.35009765625,11688295.395,7.03,4452349.0,1985631.0,1017873.0,811924.0,1e-06,24.868462076214016,26.60622191780822,6.6889065753424655,29.29781595971292,827.3397076926918,37.39643835616438,69.16084383561643,27.81259842519685,0.6296465753424657,12.224188233479452,6273.517514441096
2014-09-01,872883.9473188407,99831.293162958,68303.93070804683,18293.350157936296,197589.726565309,141252.30667859718,19313.22104555529,104256.66511573289,144278.11162463974,120.1,110.2,115.41284403669724,61.925,8.0,8.5189,4491244.0,7964.7998046875,11989670.8,5.63,4491244.0,2016259.0,1027936.0,818835.0,1e-06,24.88632774099756,26.60435342465753,6.691947123287671,29.18340532729189,830.1247801467357,37.235068493150685,69.19430684931507,27.786614173228347,0.6303260273972603,12.232708550356165,6307.970769887671
2014-10-01,881982.3766666666,124380.77349617697,68484.87313409217,18111.020597525665,182942.31155036957,137524.38783843018,20491.56651611985,104579.30343153497,145137.8226153903,120.1,106.0,114.6018348623853,61.39,8.0,8.2842,4526090.0,8322.2001953125,11928568.12,4.62,4526090.0,2032580.0,1024908.0,833734.0,1e-06,24.903814629531684,26.60254520547945,6.694889589041096,29.072685360432825,832.820011553875,37.07890410958904,69.2266904109589,27.76062992125984,0.6309835616438356,12.24095401830137,6341.31262999726
2014-11-01,897458.3516666667,149748.56984050325,68671.84697433902,17922.61338510134,167806.64936826547,133672.2050369243,21709.19016903656,104912.6963578638,146026.19063916587,120.1,109.4,113.04220183486235,62.195,8.0,8.1031,4660999.0,8588.25,12172743.205,3.27,4660999.0,2086946.0,1054558.0,854512.9999999999,1e-06,24.92212372456428,26.600676712328767,6.697930136986301,28.95827472801179,835.6050840079189,36.91753424657534,69.26015342465753,27.73464566929134,0.6316630136986301,12.249474335178084,6375.765885443836
2014-12-01,912435.1016666667,174298.05017372224,68852.78940038434,17740.28382469071,153159.234353326,129944.2861967573,22887.53563960112,105235.33467366587,146885.90162991642,119.4,115.3,111.48256880733943,63.03,8.0,7.8999,4728785.0,8282.7001953125,12787085.19,4.28,4728785.0,2114540.0,1075899.0,862932.0,1e-06,24.94010747900646,26.59886849315069,6.700872602739726,28.84755476115273,838.3003154150581,36.7613698630137,69.29253698630136,27.708661417322833,0.6323205479452055,12.257719803123289,6409.107745553425
2015-01-01,927911.0766666667,162561.59476269895,69727.80983075853,17605.44896610219,155676.3412375973,136643.2168764211,24481.7206824118,103166.28650394084,153917.46959251334,119.5,114.3,110.6091743119266,62.01,8.0,7.7228,4749709.52,8808.900390625,12596525.37,5.19,4749709.52,2137133.77,1072069.64,866845.9,1e-06,24.959,26.597,6.703913150684931,28.7331441287317,841.085387869102,36.6,69.326,27.68267716535433,0.633,12.26624012,6443.561001
2015-02-01,921544.0612962963,150825.13935167564,70602.83026113274,17470.614107513673,158193.44812186857,143342.14755608488,26075.905725222477,101097.23833421581,160949.03755511026,119.7,109.9,109.548623853211,61.649,7.75,7.7655,4822776.0,8844.599609375,12873914.074,5.37,4822776.0,2177304.0,1100393.0,871995.0000000001,1e-06,24.9779609297512,26.596405479452056,6.706953698630136,28.68688140663296,844.3858524629736,36.43863013698631,69.35852876712327,27.65669291338583,0.6339342465753425,12.30136098482192,6481.83684079726
2015-03-01,915793.2087037037,140224.46994817074,71393.1712950191,17348.827783627272,160466.9640173394,149392.79462158764,27515.81479614825,99228.42063252868,167300.13119874618,120.2,121.3,109.86055045871558,62.281,7.75,7.799,4964177.0,8491.0,13313435.684,5.25,4964177.0,2230179.0,1151886.0,897584.0,1e-06,24.994980775060583,26.59586849315069,6.7097,28.64509572215668,847.3669172574382,36.29287671232877,69.38790958904109,27.630708661417323,0.6347780821917808,12.333083056273974,6516.408567065753
2015-04-01,909426.1933333334,134675.8809047675,71850.68113691367,17706.594457421677,173223.8183757806,151419.62696723588,28036.616343090685,98567.98582586522,164305.91977546783,120.7,107.3,110.04770642201834,63.52,7.5,7.8903,4949815.0,8181.5,14044017.920000002,4.87,4949815.0,2224558.0,1131394.0,902960.0,1e-06,25.01381953848928,26.59527397260274,6.727139617486339,28.59883300005794,850.6673818513099,36.13150684931507,69.42043835616438,27.60472440944882,0.6357123287671232,12.36820392109589,6554.6844068630135
2015-05-01,913800.755970696,129306.27860469982,72293.43259681168,18052.820270771103,185569.16130330434,153381.07762431478,28540.617840131756,97928.85536780382,161408.2958174565,121.6,113.0,111.045871559633,63.733,7.5,7.6403,5027788.0,8433.650390625,14299900.676,5.01,5027788.0,2254286.0,1164739.0,892802.0,1e-06,25.032157660126447,26.594698630136985,6.744016666666667,28.55406262383336,853.8613798453791,35.97534246575343,69.45191780821918,27.578740157480315,0.6366164383561644,12.402191854794522,6591.725542150685
2015-06-01,918321.1373626374,123757.68956129659,72750.94243870628,18410.586944565508,198326.01566174554,155407.90996996305,29061.419387074187,97268.42056114034,158414.08439417815,123.0,110.8,111.7321100917431,63.594,7.5,7.8696,5068695.53,8368.5,14410146.024,5.4,5068695.53,2276559.1,1181006.7000000002,899075.0599999999,1e-06,25.05133699491464,26.594104109589043,6.761456284153005,28.50779990173461,857.1618444392507,35.813972602739724,69.48444657534246,27.552755905511813,0.6375506849315069,12.43731271961644,6630.001381947945
2015-07-01,922695.7000000001,116859.1163191175,71396.33590376972,18694.994035195527,206477.59593797868,156128.65332337513,26483.71030167399,101727.43686354424,157589.38063211905,123.6,111.8,110.79633027522934,63.978,7.25,7.8396,5054820.0,8532.849609375,14446040.466,3.69,5054820.0,2270103.0,1180233.0,906255.0,1e-06,25.07023437604253,26.59352876712329,6.778333333333333,28.463029525510027,860.35584243332,35.65780821917809,69.51592602739726,27.526771653543307,0.638454794520548,12.471300653315067,6667.042517235616
2015-08-01,930367.1093840579,109730.59063553247,69996.57581766862,18988.881362179876,214900.8955567529,156873.42145523423,23820.077580093784,106335.08704269491,156737.18674465796,124.8,112.0,110.11009174311926,66.402,7.25,7.7927,5164315.0,7971.2998046875,15404666.382,3.74,5164315.0,2319727.0,1213208.0,927099.0,1e-06,25.09022894241871,26.592934246575343,6.795772950819672,28.41676680341129,863.6563070271916,35.49643835616438,69.54845479452055,27.500787401574804,0.6393890410958905,12.506421518136989,6705.3183570328765
2015-09-01,938038.518768116,102602.06495194742,68596.81573156749,19282.76868916423,223324.19517552713,157618.1895870934,21156.444858513583,110942.7372218456,155884.9928571969,125.4,112.6,110.11009174311926,65.507,7.25,7.5299,5265057.0,7948.89990234375,15027174.786000002,4.41,5265057.0,2366703.0,1260239.0,936547.0,1e-06,25.11081971100364,26.5923397260274,6.813212568306011,28.37050408131255,866.9567716210632,35.335068493150686,69.58098356164383,27.4748031496063,0.6403232876712329,12.541542382958903,6743.594196830137
2015-10-01,945462.4633333334,124991.8358505221,69768.03890922929,18991.743949008054,205336.8709758822,155146.25921342877,22519.688622700032,111395.5071349935,157717.5450892403,126.1,115.5,110.35963302752292,65.413,6.75,7.69,5247246.0,8065.7998046875,15061408.663,5.0,5247246.0,2351314.0,1251660.0,941775.0,1e-06,25.13142938983822,26.59176438356164,6.830089617486339,28.325733705087963,870.1507696151325,35.17890410958904,69.61246301369863,27.448818897637796,0.641227397260274,12.575530316657536,6780.6353321178085
2015-11-01,967965.6014492753,148127.9324457159,70978.30285947981,18691.018384180003,186749.96930291582,152591.93116064195,23928.37384569269,111863.36937857966,159611.18239568517,126.6,110.3,110.73394495412845,66.452,6.75,7.8299,5290833.0,7935.25,15473348.2,5.41,5290833.0,2368154.0,1249590.0,955067.0,1e-06,25.15355127101149,26.5911698630137,6.8475292349726775,28.279470982989224,873.451234209004,35.017534246575345,69.64499178082193,27.42283464566929,0.6421616438356165,12.610651181479453,6818.911171915069
2015-12-01,989742.8318840581,170517.70334429058,72149.52603714161,18399.993644023827,168762.64510327092,150120.00078697733,25291.617609879137,112316.13929172757,161443.73462772858,126.1,118.9,110.297247706422,66.198,6.75,7.8179,5382510.0,7946.35009765625,15315172.091999998,5.61,5382510.0,2397557.0,1252522.0,993653.0,1e-06,25.17587234600988,26.590594520547945,6.864406284153006,28.23470060676464,876.6452322030733,34.8613698630137,69.67647123287672,27.396850393700788,0.6430657534246575,12.644639115178082,6855.95230720274
2016-01-01,1012245.9700000001,160747.64439882888,73102.74767385407,18476.979388619806,170722.33971034558,157393.22348914266,27059.69770022821,109848.32014550852,170671.54453984284,126.3,118.9,109.42385321100916,67.868,6.75,7.6387,5413672.0,7563.5498046875,16007278.611999998,5.69,5413672.0,2423389.0,1261786.0,981214.0,1e-06,25.2,26.59,6.881845901639345,28.1884378846659,879.945696796945,34.7,69.709,27.370866141732282,0.644,12.67975998,6894.228147
2016-02-01,1004109.8746520147,150977.58545336718,74055.96931056654,18553.96513321579,172682.03431742027,164666.446191308,28827.777790577293,107380.50099928946,179899.35445195704,126.0,117.8,108.61284403669724,68.198,6.75,7.61,5485784.0,6987.0498046875,16192660.327999998,5.26,5485784.0,2460679.0,1291359.0,987136.0,1e-06,25.225556593381413,26.590169398907104,6.899285519125684,28.18753801487852,883.1954445978622,34.556010928961754,69.73940710382514,27.34488188976378,0.6444234972677596,12.665178997868852,6927.147640489071
2016-03-01,996498.6886813188,141837.85289148366,74947.69277716853,18625.98405557977,174515.29701436107,171470.4287191401,30481.788197678037,105071.89599153616,188531.8217890962,126.0,127.6,109.36146788990824,66.25,6.75,7.34,5620824.0,7738.39990234375,15759152.5,4.83,5620824.0,2516483.0,1337451.0,1009689.0,1e-06,25.25090338030064,26.59032786885246,6.9156,28.18669620120644,886.2355312503331,34.42131147540984,69.7678524590164,27.318897637795278,0.6448196721311475,12.651538724262297,6957.943295688525
2016-04-01,988362.5933333334,137805.16751818737,76036.99371628267,19373.02991423813,191543.15337883445,171204.62694374655,30699.2873195398,104645.38790348412,183416.49386170492,127.3,113.7,110.9211009174312,66.415,6.75,7.4409,5637003.0,7849.7998046875,15966365.245,5.47,5637003.0,2509760.0,1334414.0,1017564.0,1e-06,25.27937797191986,26.590497267759563,6.91687397260274,28.18579633141905,889.4852790512504,34.27732240437159,69.79825956284154,27.292913385826772,0.6452431693989071,12.636957742131148,6990.862789177595
2016-05-01,996128.3131135531,133902.56876983613,77091.15591542536,20095.97751939138,208021.72405413122,170947.39941917217,30909.77034069636,104232.6381408531,178466.1765126166,128.6,121.3,112.4183486238532,67.199,6.5,7.48,5655466.186813187,8160.10009765625,16244686.26,5.76,5655466.186813187,2506909.340659341,1329322.2417582418,1025933.010989011,1e-06,25.30813729738402,26.590661202185792,6.918106849315069,28.184925489689324,892.6301962779445,34.137978142076506,69.82768579234973,27.26692913385827,0.6456530054644809,12.622847114262296,7022.7203635218575
2016-06-01,1004152.8902197803,129869.88339653984,78180.4568545395,20843.02337804974,225049.58041860457,170681.59764377866,31127.26946255812,103806.13005280106,173350.84858522532,130.1,119.7,114.10275229357796,67.493,6.5,7.51,5674544.813186813,8287.75,16496369.088,5.77,5674544.813186813,2503963.659340659,1324060.7582417582,1034580.989010989,1e-06,25.33893573529777,26.590830601092897,6.919380821917809,28.18402561990193,895.8799440788617,33.99398907103825,69.85809289617487,27.240944881889764,0.6460765027322405,12.608266132131147,7055.639857010929
2016-07-01,1011918.61,123039.39565044525,76908.99466027456,20824.064339094282,232644.19994653584,170347.80433095197,28307.58388179797,108518.14102401142,171586.7957988084,131.1,116.8,114.91376146788988,66.63,6.5,7.2655,5693008.0,8638.5,16288303.169999998,6.07,5693008.0,2501113.0,1318969.0,1042950.0,1e-06,25.36963034869761,26.59099453551913,6.920613698630137,28.18315477817221,899.0248613055559,33.854644808743174,69.88751912568306,27.21496062992126,0.6464863387978143,12.594155504262297,7087.497431355191
2016-08-01,1016845.5635507246,115981.22497948086,75595.15039286746,20804.473332173642,240491.97345873146,170002.88457436438,25393.908781679147,113387.21902759543,169763.9412528442,131.1,116.5,114.35229357798164,66.963,6.5,7.1336,5692488.0,8786.2001953125,16370980.314,5.05,5692488.0,2499942.0,1313538.0,1051472.0,1e-06,25.4021045353839,26.59116393442623,6.921887671232877,28.18225490838482,902.2746091064732,33.71065573770492,69.9179262295082,27.188976377952756,0.6469098360655738,12.579574522131148,7120.416924844262
2016-09-01,1021772.5171014494,108923.05430851645,74281.30612546035,20784.882325253002,248339.7469709271,169657.96481777678,22480.23368156033,118256.29703117948,167941.08670688004,130.9,118.2,114.28990825688072,66.546,6.5,6.8105,5719275.0,8611.150390625,16432137.234,4.39,5719275.0,2507059.0,1322742.0,1063206.0,1e-06,25.435181961484982,26.59133333333333,6.923161643835616,28.18135503859743,905.5243569073904,33.56666666666667,69.94833333333334,27.162992125984253,0.6473333333333333,12.56499354,7153.336418333333
2016-10-01,1026540.5366666667,133365.9049796315,75334.39940392163,20619.56367238316,224971.66463109673,167303.99417385136,24162.701225981084,119672.78641953324,170027.00163350487,131.4,120.3,114.53944954128438,66.675,6.5,6.8321,5830842.0,8638.0,16277434.425,4.2,5830842.0,2534820.0,1357355.0,1099401.0,1e-06,25.46760908350589,26.59149726775956,6.924394520547946,28.180484196867702,908.6692741340844,33.42732240437159,69.97775956284153,27.137007874015747,0.6477431693989071,12.550882912131147,7185.193992677595
2016-11-01,1043175.7094927537,158623.51733978375,76422.59579166493,20448.73439775099,200824.646213272,164871.55784179503,25901.251021882523,121136.49212083216,172182.44705768386,131.2,115.9,114.47706422018348,68.588,6.25,6.3,5841866.0,8224.5,16958451.588,3.63,5841866.0,2541946.0,1348445.0,1105910.0,1e-06,25.501384799821725,26.591666666666665,6.925668493150686,28.17958432708032,911.9190219350016,33.28333333333333,70.00816666666667,27.111023622047245,0.6481666666666667,12.53630193,7218.113486166666
2016-12-01,1059274.2638405797,183066.36801089882,77475.6890701262,20283.41574488115,177456.56387344163,162517.5871978696,27583.718566303276,122552.98150918592,174268.3619843087,130.4,121.7,114.35229357798164,67.945,6.25,6.6298,5893495.0,8185.7998046875,16562544.98,3.41,5893495.0,2568663.0,1348908.0,1122067.0,1e-06,22.9,26.59183060109289,6.926901369863014,28.178713485350585,915.0639391616958,33.14398907103825,70.03759289617486,27.08503937007874,0.6485765027322404,12.522191302131148,7249.971060510928
2017-01-01,1075909.4366666668,172873.8928793952,76810.34918156586,20273.402563566156,178381.87821340642,169250.34326827092,30215.60599712432,121918.87514620564,183096.77782675208,130.3,123.1,115.47522935779814,67.49,6.25,6.8675,5932288.0,8561.2998046875,16602944.939999998,3.17,5932288.0,2579183.0,1352678.0,1142494.0,21571.7598065,20.737222142264578,26.592,6.928175342465754,28.1778136155632,918.313686962613,33.0,70.068,27.059055118110237,0.649,12.50761032,7282.890554
2017-02-01,1066564.4258148149,162681.41774789154,76145.00929300555,20263.389382251164,179307.19255337122,175983.09933867224,32847.49342794535,121284.76878322537,191925.19366919543,130.6,119.2,115.72477064220182,66.7,6.25,7.19,5995376.0,8879.599609375,16207966.6,3.65,5995376.0,2605801.0,1377913.0,1153165.0,21571.7598065,19.88794150952006,26.59106575342465,6.929449315068493,28.286972219964063,922.7743312568308,32.855616438356165,70.09747123287671,27.03307086614173,0.6489150684931507,12.448916656,7315.823190142465
2017-03-01,1058123.7708518521,153475.31117750113,75544.05713559623,20254.34521848278,180142.9603443072,182064.29837000245,35224.68207513855,120712.0275521464,199899.24668817656,130.9,133.2,115.6,64.85,6.25,7.08,6102322.0,9173.75,15552327.0,3.89,6102322.0,2657627.0,1413097.0,1166348.0,21571.7598065,19.951742021804154,26.59022191780822,6.9306,28.38556708845517,926.8033002967696,32.72520547945206,70.1240904109589,27.00708661417323,0.6488383561643836,12.395903024,7345.568796980821
2017-04-01,1048778.76,148185.81798386516,76529.00374551576,21197.625106848012,197402.70218519677,178222.51186462384,32797.58568639471,119454.5094966991,197588.2475074674,140.1,117.3,115.6,64.7745,6.25,7.2009,7822419.86064,9304.0498046875,15404426.41,2.99,6128188.0,2658223.0,1422100.0,1177518.0,21571.7598065,20.612271224012716,26.58928767123287,6.837353698630137,28.49472569285604,931.2639445909872,32.58082191780822,70.15356164383562,26.981102362204723,0.6487534246575343,12.33720936,7378.501433123288
2017-05-01,1054367.6841758243,143066.9536029271,77482.17788414763,22110.47661171759,214105.6781602512,174504.65395619292,30448.78272954583,118237.55653981461,195351.79668742628,140.1,124.8,115.6,64.7745,6.25,6.69,7822419.86064,9621.25,15822560.46,2.18,6151570.0,2638898.0,1437196.0,1194854.0,21571.7598065,21.5151729805659,26.58838356164383,6.7471153424657535,28.600363051953643,935.5806971337788,32.44109589041096,70.18208219178082,26.95511811023622,0.6486712328767124,12.28040904,7410.371726164383
2017-06-01,1060142.9058241758,137777.46040929112,78467.1244940672,23053.75650008282,231365.4200011408,170662.86745081432,28021.686340801985,116980.03848436731,193040.79750671712,140.1,119.3,115.6,64.7745,6.25,6.5665,7822419.86064,9520.900390625,16165703.775,1.46,6175592.0,2630147.0,1433131.0,1213474.0,21571.7598065,22.37184702226866,26.587449315068493,6.6538690410958905,28.709521656354507,940.0413414279964,32.29671232876712,70.21155342465754,26.92913385826772,0.6485863013698631,12.221715376,7443.304362306849
2017-07-01,1065731.83,130780.6679413893,77515.59545568423,23075.216305739505,236445.4539179576,175166.76581909263,26461.060775804755,120113.67056391702,190741.43724276675,140.1,118.0,115.6,64.7745,6.25,6.5555,7822419.86064,10077.099609375,16184059.02,2.36,6167922.327868853,2627000.934426229,1412205.754098361,1223015.475409836,21571.7598065,22.793150684931504,26.58654520547945,6.563630684931507,28.81515901545212,944.358093970788,32.15698630136986,70.24007397260274,26.903149606299213,0.6485041095890411,12.164915056,7475.174655347945
2017-08-01,1075592.994021739,123550.64905789074,76532.34878268854,23097.39143825141,241694.82229866832,179820.79413298017,24848.414358640952,123351.7570461184,188365.43163668478,140.1,122.1,115.6,64.7745,6.25,6.6546,7822419.86064,9917.900390625,16278559.830000002,3.28,6159997.0,2623750.0,1390583.0,1232875.0,95633.2064705,22.6827397260274,26.58561095890411,6.470384383561644,28.92431761985298,948.8187382650058,32.01260273972603,70.26954520547946,26.87716535433071,0.6484191780821918,12.106221392,7508.107291490411
2017-09-01,1085454.1580434784,116320.6301743922,75549.1021096928,23119.566570763316,246944.19067937904,184474.82244686774,23235.767941477152,126589.84352831975,185989.42603060277,140.1,123.1,115.6,64.7745,6.0,6.8283,7822419.86064,9788.599609375,17076604.450000003,3.28,6201619.0,2629303.0,1401372.0,1254671.0,94064.00814540002,22.572328767123288,26.584676712328765,6.377138082191781,29.03347622425385,953.2793825592236,31.868219178082192,70.29901643835616,26.851181102362204,0.6483342465753424,12.047527728,7541.039927632876
2017-10-01,1094997.22,141843.35683007838,77454.98584014087,22813.275356219307,225986.26511143587,182727.58580308408,24316.979659777586,128284.47395515021,188260.7096248566,140.1,122.5,115.6,64.7745,6.0,7.0,7822419.86064,10335.2998046875,16738138.56,3.58,6302163.0,2650620.0,1450281.0,1285650.0,93333.4972746,22.46547945205479,26.583772602739725,6.286899726027397,29.13911358335146,957.596135102015,31.728493150684933,70.32753698630137,26.825196850393702,0.6482520547945205,11.990727408,7572.910220673973
2017-11-01,1120950.3627173912,168216.84104095408,79424.39902827053,22496.774434523828,204329.74202456127,180922.1079378409,25434.23176868803,130035.592062875,190607.70267225223,142.1,125.8,116.4,64.4332,6.0,7.2051,7823683.839336666,10226.5498046875,16696515.680000002,4.88,6346586.0,2668679.0,1440293.0,1304637.0,83780.16595829999,22.35506849315069,26.582838356164384,6.193653424657534,29.248272187752324,962.0567793962329,31.58410958904109,70.35700821917808,26.799212598425196,0.6481671232876712,11.932033744,7605.842856816438
2017-12-01,1146066.3072826087,193739.56769664024,81330.2827587186,22190.483219979815,183371.8164566181,179174.87129405723,26515.443486988468,131730.22248970545,192878.98626650605,140.5,130.6,115.7,63.9273,6.0,7.51,7864903.151233226,10530.7001953125,16690013.079999998,5.21,6433493.0,2695182.0,1458236.0,1329302.0,84312.58745721,22.24821917808219,26.581934246575344,6.103415068493151,29.353909546849938,966.3735319390242,31.44438356164384,70.38552876712329,26.773228346456694,0.6480849315068493,11.875233424,7637.7131498575345
2018-01-01,1172019.45,184013.74453991043,82969.2976919161,22303.822786151784,183604.95113451753,187093.128467056,28438.250586502996,130748.7247897284,201381.5761214893,139.2,132.3,116.0,63.6878,6.0,7.2736,8004452.615179677,11027.7001953125,17090290.259999998,5.07,6498328.0,2724393.0,1473198.0,1349118.0,89816.5644193,22.137808219178083,26.581,6.010168767123288,29.4630681512508,970.834176233242,31.3,70.415,26.747244094488188,0.648,11.81653976,7670.645786
2018-02-01,1156662.1051111112,174287.9213831806,84608.3126251136,22417.162352323754,183838.0858124169,195011.3856400548,30361.05768601752,129767.2270897513,209884.16597647258,137.6,127.4,116.1,65.1031,6.0,7.7,8086694.661940358,10492.849609375,17864930.4,4.44,6577917.0,2745471.0,1497029.0,1374891.0,85947.35678749999,22.02739726027397,26.578282191780826,5.916922465753425,29.377412703827865,972.3152112813927,31.164109589041097,70.44311232876713,26.721259842519686,0.648254794520548,11.811226438136986,7689.738015975342
2018-03-01,1142790.9548888889,165503.30691903754,86088.71320993714,22519.533573382305,184048.65906987444,202163.35986082788,32097.786679127417,128880.71303815913,217563.92455516712,137.2,140.3,116.3,65.0441,6.0,7.4216,8188809.862623549,10113.7001953125,17975894.35,4.28,6649973.0,2730677.0,1541067.0,1392216.0,92148.23742568,21.927671232876712,26.57582739726028,5.8327,29.30004649325232,973.652920357142,31.0413698630137,70.46850410958905,26.69527559055118,0.6484849315068494,11.806427308712328,7706.982610791781
2018-04-01,1127433.61,158387.24863343243,85312.29738481027,23290.720458409338,204692.3243581521,197518.8148929017,30615.03565207819,127930.84455485501,214549.49179499014,137.5,122.6,117.3,66.7801,6.0,7.7969,8579507.345401665,10739.349609375,18654442.05,4.58,6645003.999999999,2661538.0,1576590.0,1410068.0,92148.23742568,21.817260273972604,26.573109589041096,5.829922739726028,29.21439104582938,975.1339554052928,30.905479452054795,70.49661643835617,26.669291338582678,0.6487397260273973,11.801113986849314,7726.0748407671235
2018-05-01,1129779.0341758241,151500.74061510488,84560.92723146168,24037.030347145166,224670.06495971113,193024.09395619898,29180.115303320857,127011.61699036714,211632.29880127052,138.1,129.6,118.3,67.4526,6.0,7.92,8466207.494813874,10736.150390625,18746063.58,4.87,6660336.92,2663279.0,1571311.0,1422717.0,94004.8504769,21.71041095890411,26.57047945205479,5.827235068493151,29.131498677355577,976.5672151293096,30.773972602739725,70.52382191780822,26.643307086614172,0.648986301369863,11.795972062465752,7744.551192356164
2018-06-01,1132202.6391575092,144384.68232949972,83784.51140633482,24808.2172321722,245313.73024798874,188379.54898827279,27697.364276271623,126061.74850706302,208617.8660410935,139.4,127.7,119.1,68.5753,6.0,7.9821,8486982.720293764,10714.2998046875,19036355.7,4.92,6647840.38,2646918.0,1565095.0,1437369.0,95609.75560800996,21.6,26.567761643835617,5.8244578082191785,29.045843229932643,978.0482501774604,30.63808219178082,70.55193424657534,26.61732283464567,0.649241095890411,11.79065874060274,7763.643422331506
2018-07-01,1134548.0633333332,136911.24110909313,82465.52727819796,24984.621158242953,251313.7935794963,190337.73613188104,26023.033240717315,129315.33216097554,205567.0349365788,141.4,125.7,119.9,68.6068,6.25,7.76,8552112.96314871,11356.5,18947986.75,4.17,6632114.999999999,2636484.0,1555903.0,1447991.0,96483.1286082,22.08913043478261,26.565131506849315,5.821770136986301,28.96295086145884,979.4815099014772,30.506575342465755,70.57913972602739,26.591338582677164,0.6494876712328768,11.78551681621918,7782.119773920548
2018-08-01,1144220.591231884,129188.68518133964,81102.57701245655,25166.905215182735,257513.85902205404,192361.19618027622,24292.891170644532,132677.36860335176,202414.5094619136,141.7,128.0,120.1,70.9255,6.5,7.9517,8564665.648557097,11680.5,20135032.0,3.69,6648444.899999999,2618138.0,1559354.0,1456334.0,93959.62544959996,22.594565217391303,26.56241369863013,5.818992876712329,28.877295414035903,980.962544949628,30.37068493150685,70.60725205479451,26.56535433070866,0.6497424657534246,11.780203494356163,7801.21200389589
2018-09-01,1153893.1191304347,121466.12925358616,79739.62674671512,25349.189272122516,263713.9244646118,194384.65622867143,22562.749100571746,136039.40504572802,199261.9839872484,140.4,128.8,120.9,72.5474,6.5,8.0007,8738635.364967333,10930.4501953125,21052695.0,3.7,9332554.55,2715406.47,2197969.03,2224620.75,94441.6370864,23.1,26.55969589041096,5.816215616438356,28.791639966612973,982.4435799977788,30.234794520547943,70.63536438356164,26.53937007874016,0.6499972602739726,11.774890172493151,7820.304233871233
2018-10-01,1163253.6300000001,146165.1536281215,82131.88055471056,24982.16571897897,241259.9995431375,192253.37936186176,23844.886890536964,137311.08087143427,201771.7807098874,139.9,132.8,122.0,73.9936,6.5,7.8441,8935449.98561097,10386.599609375,21440619.3,3.38,9332554.55,2715406.47,2197969.03,2224620.75,100709.8270835,23.2978021978022,26.557065753424656,5.81352794520548,28.70874759813917,983.8768397217956,30.10328767123288,70.6625698630137,26.513385826771653,0.6502438356164384,11.76974824810959,7838.780585460274
2018-11-01,1188800.4548188404,171687.4788151414,84603.87615630582,24602.908047397304,218057.61045761404,190051.05993282513,25169.762606834352,138625.1458913307,204365.2373232811,139.7,126.1,121.6,69.6574,6.5,7.6401,8981653.73318,10876.75,19099048.56,2.33,9332554.55,2715406.47,2197969.03,2224620.75,97636.3864796,23.5021978021978,26.55434794520548,5.810750684931507,28.62309215071624,985.3578747699464,29.967397260273973,70.69068219178082,26.48740157480315,0.6504986301369863,11.764434926246576,7857.872815435616
2018-12-01,1213523.1885144927,196386.50318967676,86996.12996430126,24235.884494253758,195603.68553613973,187919.78306601546,26451.90039679957,139896.82171703692,206875.0340459201,138.2,133.9,119.7,69.7923,6.5,7.405,9065175.715699354,10862.5498046875,19205029.08,2.11,9332554.55,2715406.47,2197969.03,2224620.75,94725.61304269996,23.7,26.551717808219177,5.80806301369863,28.540199782242432,986.7911344939632,29.835890410958903,70.71788767123287,26.461417322834645,0.650745205479452,11.759293001863014,7876.349167024658
2019-01-01,1239070.0133333334,185218.10978679315,88631.09245231801,24036.047157756813,197155.5964490403,194025.73702806715,28441.047167765708,139873.0617673016,215356.12104748117,137.4,134.4,119.2,71.0333,6.5,7.3,9211949.043685809,10830.9501953125,20168885.55,1.97,9332554.55,2715406.47,2197969.03,2224620.75,102503.0431444,23.286666666666665,26.549,5.805285753424657,28.4545443348195,988.272169542114,29.7,70.746,26.435433070866143,0.651,11.75397968,7895.441397
2019-02-01,1220404.7376666667,174049.71638390957,90266.05494033477,23836.209821259865,198707.5073619409,200131.69099011886,30430.193938731845,139849.3018175663,223837.20804904218,137.5,127.6,119.5,71.1953,6.5,7.41,9265784.93958143,10792.5,20290174.29,2.57,9440365.932,2745352.94,2219139.82,2246808.8,97246.5443115,22.87333333333333,26.502202739726027,5.802508493150685,28.35855279566919,980.893949537338,29.572602739726022,70.6958904109589,26.409448818897637,0.6510849315068493,11.78584260279452,7847.583341186301
2019-03-01,1203545.7789999999,163962.13524582118,91742.79525209188,23655.71158184327,200109.23334778656,205646.74618164942,32226.842635088356,139827.84121780537,231497.54469561347,138.1,144.1,119.9,69.1713,6.25,7.3391,9389964.031192258,11570.0,19756988.49372,2.86,9771722.4352,2837528.33,2340658.53,2303143.51,106577.1573002,22.5,26.459934246575344,5.8,28.271850760307625,974.229750823347,29.457534246575342,70.6506301369863,26.383464566929135,0.6511616438356165,11.814622016931509,7804.356710128767
2019-04-01,1184880.5033333332,159438.54152642004,90143.57998577347,24639.084763055984,222213.2471547995,199856.49518452422,30549.315765250318,136957.2635033727,227906.5608136271,139.4,126.5,121.1,69.8368,6.25,7.4409,9725034.493701668,11748.150390625,20366510.556,2.99,9620945.4915,2817879.12,2279245.15,2308478.86,113865.52753499996,26.610869565217392,26.41313698630137,5.920196994535519,28.17585922115731,966.8515308185712,29.33013698630137,70.60052054794521,26.35748031496063,0.6512465753424658,11.846484939726029,7756.498654315068
2019-05-01,1184364.4527838829,155060.8701850641,88595.95230869115,25590.736228745704,243604.2282583604,194253.02647762888,28925.902665407062,134179.28507005077,224431.41512138213,140.9,135.4,121.6,69.8058,6.0,7.0706,9577075.330355806,11922.7998046875,20487460.59,3.05,9621544.9886,2771471.96,2231603.91,2321474.46,100288.5192143,30.58913043478261,26.367849315068497,6.0365166666666665,28.08296418326992,959.7113179107234,29.20684931506849,70.55202739726028,26.331496062992127,0.6513287671232877,11.877320026301373,7710.184406753425
2019-06-01,1183831.2005494507,150537.27646566296,86996.73704237274,26574.10940995841,265708.24206537334,188462.77548050368,27248.375795569023,131308.7073556181,220840.43123939575,142.7,129.3,121.5,68.918,6.0,6.9332,9556539.944817334,11788.849609375,20422440.9,3.18,9648768.2613,2780229.12,2232076.45,2339939.57,99938.8797233,34.7,26.32105205479452,6.156713661202185,27.98697264411961,952.3330979059476,29.07945205479452,70.50191780821918,26.30551181102362,0.651413698630137,11.909182949095891,7662.326350939726
2019-07-01,1183315.1500000001,143162.96475661758,84912.98513382506,26336.4910664745,272261.971783163,188129.76861194367,25293.70965730704,135976.20688689253,217987.96682797882,144.7,131.8,121.3,68.8569,5.75,6.47,9577833.535289032,11118.0,20319686.55068,3.15,9658377.6835,2761535.02,2251033.96,2367432.28,102082.1415503,30.10217391304348,26.275764383561643,6.273033333333333,27.89407760623222,945.1928849981,28.95616438356164,70.45342465753424,26.27952755905512,0.6514958904109589,11.940018035671232,7616.012103378082
2019-08-01,1189316.3007246377,135542.84265727067,82759.77482832581,26090.95211154113,279034.15915821237,187785.66151443167,23273.887981102987,140799.2897358761,215040.42026951464,145.9,126.2,121.5,71.7586,5.75,6.6974,9593195.033788707,11023.25,21872809.47771,3.28,9680153.4437,2737075.98,2269022.52,2387855.12,98202.1776132,25.35108695652174,26.22896712328767,6.393230327868852,27.79808606708191,937.814664993324,28.82876712328767,70.40331506849316,26.253543307086613,0.6515808219178082,11.971880958465754,7568.154047564383
2019-09-01,1195317.4514492752,127922.72055792373,80606.56452282656,25845.413156607756,285806.3465332617,187441.55441691968,21254.066304898937,145622.37258485972,212092.87371105046,147.0,122.9,121.3,70.685,5.4,6.8473,9620795.021734666,11474.4501953125,21694218.75328,3.99,9766853.85619,2730943.18,2321272.93,2425102.4,91916.2223239,20.6,26.18216986301369,6.513427322404372,27.702094527931603,930.436444988548,28.7013698630137,70.35320547945206,26.22755905511811,0.6516657534246576,12.003743881260274,7520.295991750685
2019-10-01,1201125.0166666666,154319.98223702188,82492.7338025337,25080.57426164451,259330.43125709033,185444.30827306464,22611.4468890866,146971.16084158965,214848.09453564227,149.6,124.0,122.0,70.8095,5.4,6.54,9710769.267395806,11877.4501953125,22423087.906362,4.62,9840562.3137,2892418.98,2465636.55,2561501.64,95379.22880659996,20.13846153846153,26.136882191780824,6.629746994535519,27.609199490044208,923.2962320807004,28.578082191780823,70.30471232876712,26.201574803149608,0.6517479452054795,12.034578967835616,7473.981744189041
2019-11-01,1226206.2169927536,181597.15263875658,84441.7753915644,24290.240736849166,231971.98547171324,183380.4872577477,24014.073492747182,148364.9087068773,217695.1560543872,151.9,128.8,122.3,71.7255,5.15,6.6464,9770724.198783,12056.0498046875,23225442.140394,5.54,9860302.64996,2866553.89,2465378.47,2578861.85,103490.8781733,19.661538461538463,26.09008493150685,6.749943989071038,27.513207950893904,915.9180120759246,28.45068493150685,70.25460273972602,26.175590551181102,0.6518328767123288,12.066441890630138,7426.123688375343
2019-12-01,1250478.3463405797,207994.4143178547,86327.94467127153,23525.40184188592,205496.07019554183,181383.24111389267,25371.45407693485,149713.69696360722,220450.376878979,155.0,134.5,123.0,71.274,5.15,6.7762,9772008.312301615,12168.4501953125,23409348.28895,7.35,10036091.7838,2848416.11,2482561.96,2604683.62,103184.1543385,19.2,26.044797260273977,6.8662636612021855,27.42031291300651,908.777799168077,28.327397260273973,70.2061095890411,26.1496062992126,0.6519150684931507,12.09727697720548,7379.809440813699
2020-01-01,1275559.5466666666,197885.8411140572,88900.13131920678,23796.450011679914,206713.72792340038,186344.73002739626,27574.19129089351,150091.6944781909,228235.27945566946,153.5,137.4,123.4,71.5096,5.15,6.8612,9867590.414903644,11962.099609375,24059939.04384,7.59,10105176.35551,2869245.82,2531566.92,2685467.94,110817.2956395,19.847252747252742,25.998,6.986460655737705,27.3243213738562,901.399579163301,28.2,70.156,26.123622047244094,0.652,12.1291399,7331.951385
2020-02-01,1151290.144175824,187777.26791025966,91472.31796714202,24067.4981814739,207931.38565125898,191306.2189408999,29776.928504852167,150469.6919927746,236020.18203235988,150.5,134.2,122.2,72.1895,5.15,6.6529,10026724.439453105,11201.75,25190908.925028004,6.58,10104866.31986,2871313.05,2535867.81,2706185.59,105365.90761279996,20.494505494505496,26.1441912568306,7.106657650273224,27.51520964544573,906.6479244370488,28.08142076502732,69.9125737704918,26.097637795275592,0.6515765027322404,12.152282378278688,7387.922795603826
2020-03-01,1035038.1224908425,178320.86071961035,93878.55708940401,24321.059372571504,209070.4848160299,195947.6117954678,31837.55364049091,150823.30257093356,243302.83282990902,148.9,117.2,120.4,75.3859,5.15,6.71,10048296.61964258,8597.75,27136117.500819005,5.84,10370860.68312,2946851.25,2672047.27,2726863.88,97590.7515687,21.1,26.28095081967213,7.2191,27.693782544674644,911.5576667899094,27.970491803278687,69.6848524590164,26.071653543307086,0.6511803278688525,12.173931793442623,7440.283147459017
2020-04-01,910768.7200000001,170856.04887007744,78393.80274142757,23708.995222158064,227191.24064028822,174553.6883835766,28665.405775025723,138283.6783458577,198829.87388005244,154.0,54.0,119.2,75.115,4.4,6.55,10315819.234904,9859.900390625,27119867.407644004,7.22,10273415.78664,2928353.27,2654269.16,2678182.04,32172.3364071,22.582608695652176,26.427142076502733,7.718573698630137,27.884670816264173,916.806012063657,27.85191256830601,69.4414262295082,26.045669291338584,0.6507568306010929,12.197074271721313,7496.254558062842
2020-05-01,977840.1760439561,163632.03740278757,63408.55659822455,23116.675076596675,244727.4559540866,153849.89153335933,25595.58526005942,126148.5581280424,155791.52650922348,152.7,90.2,117.5,75.6369,4.4,5.7889,10218274.44974516,9580.2998046875,28211673.419089995,6.27,10222753.1829,2904685.07,2607610.22,2642260.17,62150.93130510001,24.017391304347825,26.5686174863388,8.201935342465754,28.069401401673392,921.8850558769612,27.73715846994536,69.2058524590164,26.019685039370078,0.6503469945355191,12.219470218442623,7550.42043929235
2020-06-01,1047147.3472893774,156167.22555325468,47923.80225024811,22504.610926183235,262848.2117783449,132455.96812146812,22423.43739459423,113608.93390296654,111318.56755936689,154.0,107.9,119.3,75.527,4.0,5.9,10143771.994141,10302.099609375,28845475.96704,6.23,10245677.47013,2911362.69,2617905.38,2655681.33,90917.7978725,25.5,26.7148087431694,8.701409041095891,28.26028967326292,927.1334011507088,27.61857923497268,68.9624262295082,25.993700787401576,0.6499234972677596,12.242612696721311,7606.391849896175
2020-07-01,1114218.8033333335,148744.238871705,56924.31969097761,23275.482166350368,265483.64894250047,156002.9024957888,21480.612560855818,118267.45188177179,131313.38291828567,157.0,117.9,121.0,74.7722,4.0,5.7833,10157884.63844774,11073.4501953125,29958747.70518,6.73,10282056.88798,2868970.47,2624302.29,2701387.01,87421.67312089998,26.217391304347824,26.856284153005465,9.184770684931507,28.44502025867214,932.2124449640132,27.503825136612026,68.7268524590164,25.96771653543307,0.6495136612021858,12.265008643442624,7660.557731125683
2020-08-01,1150686.654094203,141073.81930077032,66224.85437973143,24072.049114523074,268206.9340121279,180334.73468258677,20506.360232659463,123081.25379320387,151974.69212250173,158.0,117.2,122.0,73.5951,4.0,6.12,10201074.13573645,11387.5,29273552.14221,6.69,10216158.03843,2825014.64,2642567.86,2706439.9,86449.5074744,26.958695652173912,27.002475409836062,9.684244383561644,28.63590853026167,937.4607902377608,27.385245901639344,68.4834262295082,25.941732283464567,0.6490901639344262,12.288151121721311,7716.529141729508
2020-09-01,1187154.5048550726,133403.39972983566,75525.38906848525,24868.616062695775,270930.2190817553,204666.5668693848,19532.107904463104,127895.05570463598,172636.00132671781,161.4,124.1,122.9,73.7978,4.0,6.04,10152047.821413334,11247.5498046875,29562235.71744,7.27,10271581.00793,2831679.89,2653792.91,2735273.4,95479.98891469998,27.7,27.148666666666667,10.18371808219178,28.8267968018512,942.7091355115084,27.266666666666666,68.24,25.91574803149606,0.6486666666666667,12.3112936,7772.500552333334
2020-10-01,1222445.9733333334,161172.95100856244,82369.24151140485,24492.552451235908,255790.46852511572,204738.17326549697,21056.534872576405,132650.08567104136,181308.52934768875,164.7,129.6,123.6,73.9732,4.0,5.9119,10207317.21308742,11642.400390625,30949540.438396,7.61,10338867.87781,2803794.83,2639010.63,2785396.81,105155.4510563,26.77692307692308,27.29014207650273,10.667079726027398,29.011527387260426,947.7881793248124,27.15191256830601,68.0044262295082,25.88976377952756,0.648256830601093,12.333689546721311,7826.666433562842
2020-11-01,1254482.7346376814,189868.15399658013,89441.22236908844,24103.953386060708,240146.05961658809,204812.16654147956,22631.776072960147,137563.61663632697,190270.14163602536,165.4,126.7,125.1,73.7983,4.0,5.8419,10274666.040648336,12968.9501953125,31499446.17078,6.93,10434880.34296,2817624.48,2647805.85,2819694.01,104962.8971454,25.82307692307692,27.436333333333337,11.166553424657534,29.20241565884995,953.0365245985602,27.03333333333333,67.761,25.863779527559053,0.6478333333333334,12.356832025,7882.637844166667
2020-12-01,1285486.0520289855,217637.70527530691,96285.07481200802,23727.88977460084,225006.30905994846,204883.77293759174,24156.203041073448,142318.64660273236,198942.6696569963,161.0,137.4,125.4,73.0536,4.0,5.89,10349406.644191064,13981.75,31261250.406136,4.59,10702596.47069,2822924.36,2659819.98,2848752.08,115173.8711203,24.9,27.5778087431694,11.64991506849315,29.38714624425917,958.1155684118644,26.91857923497268,67.5254262295082,25.83779527559055,0.6474234972677596,12.379227971721312,7936.803725396175
2021-01-01,1317522.8133333332,206118.8282195681,101717.26468915246,24155.703825848726,225322.85302042996,215043.7202832248,26483.64904133654,144944.52578513423,211384.9826778743,157.6,136.6,126.5,72.9519,4.0,5.9597,10459134.632376129,13634.599609375,31388113.98872799,4.06,10703751.83006,2945303.78,2779619.82,2948660.06,119875.27499840004,24.21111111111111,27.724,12.149388767123288,29.5780345158487,963.363913685612,26.8,67.282,25.81181102362205,0.647,12.40237045,7992.775136
2021-02-01,1248422.8592222224,194599.95116382922,107149.45456629687,24583.517877096616,225639.39698091146,225203.66762885786,28811.09504159963,147570.40496753607,223827.29569875236,156.9,129.9,128.1,73.0408,4.0,6.3358,10619602.68119857,14529.150390625,31745025.60768,5.03,10774742.46194,2975110.698656,2819223.734847,2999455.446228,113143.4237284,23.522222222222226,27.87305479452055,12.648862465753425,29.717751933734448,973.7231196063366,26.698082191780824,67.65705753424658,25.785826771653543,0.6494630136986301,12.449430110410958,8033.788963572603
2021-03-01,1186009.9974444443,184195.80414574256,112055.94864887894,24969.93056854632,225925.30765489474,234380.3942636232,30913.304332159838,149942.1668097055,235065.5139111583,156.7,145.6,129.9,73.5047,4.0,6.34,10705624.163695484,14690.7001953125,30856153.557483,5.52,10949509.0,2940570.692,2764830.794,3009013.068,123901.9725777,22.9,28.007684931506848,13.1,29.84394831117964,983.0798217282812,26.60602739726028,67.99581917808219,25.75984251968504,0.6516876712328767,12.491935610136986,8070.833711057534
2021-04-01,1116910.0433333332,177145.81924486926,104492.56879427149,25415.388123328943,241610.65358901027,222404.21477087474,28920.413792570125,139224.9586017614,209960.10469975162,158.0,126.1,132.0,74.0232,4.0,6.2551,10885384.478687,14631.099609375,32255817.08095,4.23,10860485.37617,2962892.489197,2767556.877014,3076392.835517,139707.73052930002,21.552173913043475,28.1567397260274,12.794246575342466,29.9836657290654,993.4390276490058,26.504109589041096,68.37087671232877,25.733858267716535,0.6541506849315069,12.538995270547945,8111.847538630137
2021-05-01,1152262.571904762,170323.25321176604,97173.16893497395,25846.47607957019,256790.02062202533,210814.36364886013,26991.81004458008,128853.46678762196,185664.54739839034,160.7,115.1,132.9,72.5211,4.0,6.28,10800163.650126774,15582.7998046875,31537154.991772,6.3,10831221.47883,2957537.040007,2748972.490051,3047424.767225,97820.6722347,20.24782608695652,28.300986301369864,12.498356164383562,30.11887613347096,1003.4640656368038,26.405479452054795,68.73383561643836,25.707874015748033,0.6565342465753425,12.58453687739726,8151.538339506849
2021-06-01,1188793.518095238,163273.26831089272,89609.78908036649,26291.933634352816,272475.3665561409,198838.18415611167,24998.91950499037,118136.25857967786,160559.13818698362,162.6,122.8,133.7,74.3456,4.0,6.36,10741037.944234334,15721.5,33777969.09916,6.26,10928555.0,2941899.967421,2773216.985405,3048391.091725,92800.3564317,18.9,28.45004109589041,12.192602739726029,30.258593551356707,1013.8232715575284,26.30356164383561,69.10889315068492,25.681889763779527,0.6589972602739727,12.63159653780822,8192.552167079451
2021-07-01,1224146.0466666666,156099.09990683256,89062.42362515802,26746.050937134056,278857.97128465446,204415.02416105955,23883.530136211833,127384.55245222915,173223.231689057,164.0,131.5,135.0,74.3871,4.0,6.2158,10757460.776077742,15763.0498046875,34295222.187465,5.59,10910566.77961,2934180.316216,2770324.280396,3095232.424446,116392.6450469,20.07391304347826,28.59428767123288,11.896712328767125,30.39380395576228,1023.8483095453262,26.20493150684932,69.47185205479451,25.655905511811024,0.6613808219178082,12.677138144657532,8232.242967956165
2021-08-01,1246348.0714492754,148685.7925559704,88496.8126547759,27215.305483341337,285453.3295041185,210177.75883283906,22730.96112180735,136941.12278719884,186309.46164119942,163.9,132.4,136.2,73.1536,4.0,6.2731,10832950.785173226,17132.19921875,34118812.05505501,5.3,10897601.02207,2922212.794132,2746800.390193,3124343.552403,112020.0608009,21.28695652173913,28.743342465753425,11.59095890410959,30.53352137364802,1034.2075154660506,26.10301369863014,69.84690958904109,25.62992125984252,0.6638438356164383,12.724197805068492,8273.256795528767
2021-09-01,1268550.096231884,141272.48520510827,87931.2016843938,27684.56002954862,292048.68772358255,215940.49350461853,21578.392107402862,146497.6931221685,199395.69159334188,164.0,129.5,137.4,74.2551,4.0,6.2309,10830989.605218332,17618.150390625,35001651.815892,4.35,10956816.87652,2939098.812651,2735004.237639,3167881.303371,117009.9591124,22.5,28.892397260273977,11.285205479452054,30.673238791533773,1044.5667213867753,26.00109589041096,70.22196712328767,25.603937007874016,0.6663068493150686,12.771257465479453,8314.270623101369
2021-10-01,1290035.9266666665,168725.51251481115,92029.73256451944,26880.173155200664,274026.85426232964,212407.6834657044,22798.422614742634,149135.7534396084,205255.31133140382,167.7,135.0,140.7,74.7858,4.0,6.4262,10897263.647360967,17671.650390625,35925393.033035,4.48,11044619.14259,2954305.896457,2766127.863218,3210245.608897,130126.6988996,21.93956043956044,29.03664383561644,10.98931506849315,30.80844919593933,1054.5917593745733,25.902465753424657,70.58492602739726,25.57795275590551,0.6686904109589041,12.816799072328768,8353.961423978082
2021-11-01,1319066.127137681,197093.64073483754,96264.88114064922,26048.97338504111,255404.293019035,208757.11309215982,24059.120805660397,151861.74910096297,211310.25172740116,169.7,128.0,143.7,75.0885,4.0,6.33,10984216.888829667,16983.19921875,36018016.3158,4.91,11162193.47978,2977969.866936,2784866.718235,3250799.497355,131525.9837957,21.360439560439563,29.185698630136987,10.683561643835615,30.948166613825087,1064.9509652952977,25.80054794520548,70.95998356164382,25.551968503937008,0.6711534246575342,12.863858732739724,8394.975251550684
2021-12-01,1347159.8695289853,224546.66804454048,100363.41202077485,25244.586510693156,237382.45955778207,205224.30305324568,25279.151313000173,154499.8094184029,217169.8714654631,168.2,138.8,143.3,74.3025,4.0,6.4688,11093121.035574192,17354.05078125,35057665.258674,5.66,11582087.1494,3087299.702852,2991384.268555,3352795.412686,129780.09000099998,20.8,29.32994520547945,10.387671232876713,31.083377018230653,1074.9760032830957,25.70191780821918,71.32294246575341,25.525984251968502,0.6735369863013699,12.90940033958904,8434.666052427398
2022-01-01,1376190.07,214120.2417063204,107106.33349813138,25769.197868075305,237954.26812121525,215023.8922087656,27330.802074882264,154591.42302788663,228363.9193252294,166.4,139.3,143.8,74.9674,4.0,6.69,11489961.492395485,17339.849609375,35046677.569995,6.01,11468976.86226,3049445.918394,2962173.530967,3365386.205921,140986.190001,20.593333333333337,29.479,10.081917808219178,31.2230944361164,1085.33520920382,25.6,71.698,25.5,0.676,12.95646,8475.67988
2022-02-01,1338783.2724444445,203693.81536810027,113849.2549754879,26293.809225457455,238526.0766846484,224823.48136428557,29382.452836764354,154683.03663737036,239557.96718499568,166.2,131.4,145.3,75.4882,4.0,6.7798,11393333.6136175,16793.900390625,35936521.957094,6.07,11643716.86027,3102630.144966,3021320.836743,3414020.510956,133025.570001,20.386666666666667,29.6288191780822,9.776164383561644,31.15539987500584,1093.513719510203,25.506575342465755,71.72390410958903,25.5,0.6767643835616439,12.956296952739724,8524.182263934246
2022-03-01,1304996.4875555558,194276.3980303531,119939.63566471316,26767.65174180262,239042.54893549127,233674.72318217452,31235.556750722375,154765.78441367825,249668.72009059103,168.4,148.8,148.9,75.8071,4.0,6.86,11583905.920582904,17464.75,34905492.29685,6.95,11891314.26997,3181100.127314,3112540.934025,3466074.597988,142094.870001,20.2,29.764139726027395,9.5,31.09425640045436,1100.9007610772585,25.42219178082192,71.74730136986301,25.5,0.677454794520548,12.956149684246576,8567.990868778083
2022-04-01,1267589.69,186196.29751601492,114101.77950758778,28123.84049443767,261575.48471092645,223725.7691065227,29833.26100117477,150827.6777539598,231678.69918638,170.8,134.5,152.3,76.4242,4.0,7.148,11838886.408098338,17102.55078125,34894902.30384,7.79,11956336.16382,3174821.141956,3112144.440238,3533730.79454,167540.17000099993,19.32391304347826,29.913958904109588,9.441397260273972,31.026561839343795,1109.079271383641,25.32876712328768,71.77320547945205,25.5,0.6782191780821918,12.9559866369863,8616.49325271233
2022-05-01,1277312.9493406594,178376.84540536508,108452.24129101484,29436.281222794176,283381.55159037985,214097.74903331124,28476.20059838677,147016.60679294195,214269.00153714351,173.3,137.8,155.0,77.6641,4.0,7.43,11916077.02168171,16584.55078125,36350060.308873,7.04,12143120.66975,3192957.815227,3133147.127712,3558319.294845,140884.66000099998,18.47608695652174,30.05894520547945,9.384684931506849,30.96105097375293,1116.993958776915,25.238356164383564,71.79827397260273,25.5,0.678958904109589,12.955828849315068,8663.431043616438
2022-06-01,1287360.3173260072,170296.7448910269,102614.38513388946,30792.469975429227,305914.48736581503,204148.7949576594,27073.904848839167,143078.5001332235,196278.98063293248,174.9,138.3,155.4,78.9421,4.4,7.5,11988929.760279,15780.25,36734521.0748,7.01,12382791.6209,3209099.555505,3163810.016416,3600354.110221,144616.190001,17.6,30.208764383561643,9.326082191780822,30.89335641264236,1125.1724690832978,25.14493150684931,71.82417808219178,25.5,0.6797232876712329,12.955665802054796,8711.933427550684
2022-07-01,1297083.5766666664,162669.38052270684,99670.05171582497,30481.482474946242,311268.55941265234,203149.1464254019,25053.916550070888,146601.6156859573,205884.93961402948,175.0,134.4,154.0,79.4203,4.9,7.319,12114220.70013129,17158.25,36118826.211384006,6.71,12369350.00407,3214589.86047,3272902.370552,3685523.721442,148995.53000100004,17.893478260869568,30.353750684931505,9.2693698630137,30.827845547051496,1133.0871564765714,25.05452054794521,71.84924657534246,25.5,0.6804630136986302,12.955508014383565,8758.871218454795
2022-08-01,1315765.23807971,154787.77067544276,96627.57385049162,30160.128724447146,316801.10052771744,202116.17627540245,22966.59530801033,150242.16842378222,215811.09722782977,176.3,131.5,153.2,79.7194,4.9,7.1737,12340034.259171614,17759.30078125,35394595.965441,7.0,12458657.89222,3232613.757744,3261564.539226,3740498.567951,143611.64000100002,18.196739130434786,30.5035698630137,9.210767123287672,30.76015098594093,1141.2656667829542,24.96109589041096,71.8751506849315,25.5,0.681227397260274,12.955344967123288,8807.373602389041
2022-09-01,1334446.8994927537,146906.1608281787,93585.0959851583,29838.774973948053,322333.64164278266,201083.20612540306,20879.274065949776,153882.72116160716,225737.25484163003,177.8,133.8,151.9,81.5522,5.4,7.4135,12436803.235342668,17094.349609375,35325897.08357,7.41,12629874.7859,3276479.335698,3322403.177017,3794791.100294,147686.370001,18.5,30.65338904109589,9.152164383561644,30.692456424830365,1149.444177089337,24.86767123287672,71.90105479452055,25.5,0.6819917808219178,12.955181919863014,8855.875986323288
2022-10-01,1352525.9266666665,177264.26268449935,98822.79229206254,29146.288131865465,301690.19502829184,199546.46770119944,22548.29510234079,154773.66369665638,229843.38192898443,179.6,129.5,152.9,82.3934,5.9,7.4462,12616140.241507098,18012.19921875,36585501.759720005,6.77,12883403.90972,3320589.414298,3423427.963305,3861263.64682,151718.36000100002,18.53296703296704,30.79837534246576,9.09545205479452,30.6269455592395,1157.358864482611,24.777260273972605,71.92612328767123,25.5,0.6827315068493152,12.95502413219178,8902.813777227397
2022-11-01,1392482.0086231884,208634.301269364,104235.07847586354,28430.71839504679,280358.6335266515,197958.50466285573,24272.95017327817,155694.30431620727,234086.3799192506,178.3,137.7,152.5,81.597,5.9,7.2888,12859010.115044665,18758.349609375,36651871.357682005,5.88,12947813.29946,3328193.002801,3417418.511487,3891366.497556,145867.270001,18.56703296703297,30.948194520547943,9.036849315068494,30.55925099812893,1165.5373747889937,24.683835616438355,71.95202739726027,25.5,0.6834958904109589,12.954861084931508,8951.316161161643
2022-12-01,1431149.184710145,238992.40312568468,109472.77478276775,27738.231552964204,259715.1869121607,196421.76623865208,25941.971209669184,156585.2468512565,238192.507006605,175.9,145.9,150.5,82.7862,5.9,7.3388,12907099.506896356,18105.30078125,38504101.846717,5.72,13306853.04999,3326820.431197,3602865.30819,4028699.150308,149506.76000100002,18.6,31.09318082191781,8.98013698630137,30.493740132538065,1173.4520621822671,24.593424657534246,71.97709589041096,25.5,0.6842356164383562,12.954703297260275,8998.253952065754
2023-01-01,1471105.2666666666,229854.80702203725,115995.4278216827,28198.401686824694,261579.90282346623,210444.91010582485,28263.77016477474,157270.1371533355,248587.43737835638,176.7,147.4,150.7,81.7387,6.25,7.351,13253993.216858389,17662.150390625,38470396.021407,6.52,13337536.22291,3321663.127153,3588748.875741,4054351.468968,157554.190001,18.152222222222225,31.243,8.921534246575343,30.4260455714275,1181.63057248865,24.5,72.003,25.5,0.685,12.95454025,9046.756336
2023-02-01,1443182.1475555554,220717.21091838987,122518.08086059762,28658.571820685178,263444.6187347718,224468.05397299767,30585.569119880292,157955.0274554145,258982.36775010775,176.6,139.3,150.9,82.6816,6.25,7.43,13290668.859421428,17303.94921875,38442220.338240005,6.44,13450268.70523,3321562.664464,3634039.516467,4109179.056134,149577.14000100002,17.704444444444444,31.375493150684928,8.862931506849316,30.38104761680861,1181.63057248865,24.5,72.003,25.5,0.685,12.95454025,9046.756336
2023-03-01,1417961.2657777779,212463.89830864384,128409.50941187562,29074.209360946264,265128.8782675639,237134.11940141176,32682.677853524026,158573.6380508407,268371.33711814124,177.0,151.7,151.0,82.2169,6.5,7.31,13387964.496996772,17359.75,39061037.37848,5.66,13675235.32622,3366405.867978,3718804.785337,4182767.411923,160121.980001,17.3,31.495164383561644,8.81,30.34040430295928,1181.63057248865,24.5,72.003,25.5,0.685,12.95454025,9046.756336
2023-04-01,1390038.1466666667,201525.88750088555,122892.78022039922,30082.874740758944,294362.13889724563,231014.92681485726,31163.922041356025,157838.5665437402,251381.25758008184,177.9,140.7,151.1,81.7829,6.5,7.12,13642181.738271,18065.0,39464538.49295999,4.7,13859446.82813,3404575.319621,3774659.351434,4219767.953219,187034.950001,17.131521739130434,31.627657534246573,8.807459016393443,30.29540634834039,1181.63057248865,24.5,72.003,25.5,0.685,12.95454025,9046.756336
2023-05-01,1399344.8884249085,190940.71575144204,117554.01003509946,31059.00252767444,322652.39111951826,225093.12753754645,29694.15835216119,157127.2070207397,234939.24512389532,179.1,145.6,149.4,82.6773,6.5,7.05,13837610.073363548,18534.400390625,40402859.24064001,4.31,14009694.99516,3386087.659269,3800499.769526,4238928.040393,157089.98000100005,16.968478260869567,31.755876712328764,8.805,30.251859940644685,1181.63057248865,24.5,72.003,25.5,0.685,12.95454025,9046.756336
2023-06-01,1408961.8549084251,180002.70494368378,112037.28084362306,32067.66790748712,351885.6517492,218973.9349509919,28175.40253999319,156392.1355136392,217949.16558583593,183.1,143.9,148.9,82.0428,6.5,7.1,13839089.351280332,19189.05078125,40073560.455838,4.87,14383718.15768,3447826.418705,4010839.427052,4368024.676987,161496.850001,16.8,31.888369863013697,8.802459016393442,30.20686198602579,1181.63057248865,24.5,72.003,25.5,0.685,12.95454025,9046.756336
2023-07-01,1418268.5966666667,170979.83840966996,110469.46926383463,32482.470192405002,350964.9624366383,224264.20835846363,26073.675174667645,160041.67454288588,224461.88854210245,193.5,142.7,152.1,82.2481,6.5,7.17,14368380.946787097,19753.80078125,40976389.55136,7.44,14787123.3993,3380957.393091,4039481.30185,4833558.266946,165105.32000100004,16.96304347826087,32.01658904109589,8.8,30.163315578330085,1181.63057248865,24.5,72.003,25.5,0.685,12.95454025,9046.756336
2023-08-01,1439478.0385144928,161656.2096578557,108849.39729805324,32911.09922015347,350013.58348032454,229730.82421285103,23901.890230497916,163812.86487310744,231191.70226357784,192.5,145.8,152.5,82.6784,6.5,7.14,14750370.154193548,19253.80078125,40955433.522132,6.83,14917311.5683,3423735.609556,4076333.770961,4876136.326425,159068.870001,17.131521739130434,32.14908219178082,8.797459016393443,30.118317623711192,1181.63057248865,24.5,72.003,25.5,0.685,12.95454025,9046.756336
2023-09-01,1460687.4803623187,152332.58090604143,107229.32533227185,33339.72824790194,349062.2045240107,235197.4400672385,21730.10528632819,167584.055203329,237921.51598505327,189.0,142.3,151.8,83.058,6.5,7.22,14905143.777,19638.30078125,40521637.79815,5.02,15151314.18824,3489700.363446,4166060.290595,4934424.427025,162711.740001,17.3,32.28157534246575,8.794918032786885,30.073319669092296,1181.63057248865,24.5,72.003,25.5,0.685,12.95454025,9046.756336
2023-10-01,1481212.7466666668,182049.96804317075,111595.25695625566,32419.27873008608,326815.884435549,231486.8906978889,23517.450947082365,168302.73325724545,244328.8074562568,190.9,144.9,152.5,83.2692,6.5,7.35,15123410.562258065,19079.599609375,40790735.286696,4.87,15584525.6,3525507.313,4203822.83,5017400.576,172003.320001,17.036263736263738,32.40979452054794,8.792459016393442,30.029773261396592,1181.63057248865,24.5,72.003,25.5,0.685,12.95454025,9046.756336
2023-11-01,1519220.7942391308,212757.93475153766,116106.71963437228,31468.147561676346,303828.02034413855,227652.65634956106,25364.37479652834,169045.36724629247,250949.67530983372,192.6,141.1,153.1,83.35,6.5,7.31,15422274.099666666,20133.150390625,41998807.941628,5.55,15825455.71,3557468.62,4254815.593,5074665.024,167928.76000099996,16.763736263736263,32.54228767123288,8.789918032786884,29.9847753067777,1181.63057248865,24.5,72.003,25.5,0.685,12.95454025,9046.756336
2023-12-01,1556002.7757608697,242475.32188866698,120472.6512583561,30547.69804386048,281581.7002556767,223942.10698021148,27151.72045728251,169764.04530020893,257356.96678103725,191.2,152.3,151.8,83.1164,6.5,7.2,15552496.11516129,21731.400390625,43088750.32272,5.69,15961943.97,3622549.688,4400726.058,5187944.704,164882.240001,16.5,32.67050684931507,8.787459016393441,29.94122889908199,1181.63057248865,24.5,72.003,25.5,0.685,12.95454025,9046.756336
2024-01-01,1594010.8233333335,232871.99037672454,126962.48169734603,30918.73611246864,284108.5640393613,237542.1979662257,29125.336685952934,170677.9168461285,266757.13652370934,190.1,153.6,151.2,83.0805,6.5,7.15,15919887.207741937,21725.69921875,42778980.613535,5.1,16043591.8,3614409.355,4413917.31,5229492.695,174106.10000099998,16.67032967032967,32.803,8.784918032786885,29.8962309444631,1181.63057248865,24.5,72.003,25.5,0.685,12.95454025,9046.756336
2024-02-01,1555360.9181318684,223268.6588647821,133452.31213633603,31289.774181076802,286635.42782304593,251142.28895224,31098.952914623354,171591.78839204807,276157.3062663815,190.3,147.1,151.2,82.9246,6.5,7.198620689655172,15958588.03275862,21982.80078125,42973565.4637,5.09,16214134.77,3645197.229,4471927.642,5279167.357,168337.46000100003,16.84065934065934,32.93549320508529,8.782377049180328,29.8512329185814,1181.63057248865,24.5,72.003,25.5,0.685,12.95454025,9046.756336
2024-03-01,1519204.5552014653,214284.89712780374,139523.44383732663,31636.874309774754,288999.26813681534,263864.9547133501,32945.23906402472,172446.7004833922,284951.0134450103,190.7,160.0,151.4,83.3739,6.5,7.07,16141288.55516129,22326.900390625,44936117.67645,4.85,16432163.93,3682392.532,4547236.766,5346691.221,178483.60837243998,17.0,33.05943855941813,8.78,29.809137862815483,1181.63057248865,24.5,72.003,25.5,0.685,12.95454025,9046.756336
2024-04-01,1480554.6500000001,203621.83781141738,134074.15996668758,32880.3347918032,318066.87297798746,254340.62390128197,31969.180310670392,171787.13687985818,266341.8896140989,191.9,148.0,152.9,83.5187,6.5,7.16,16388322.771,22604.849609375,44575993.97810001,4.83,16491796.34,3686690.042,4559126.289,5361906.989,210267.08458634996,17.303260869565218,33.191932026014264,8.67783070958904,29.764139494362542,1181.63057248865,24.5,72.003,25.5,0.685,12.95454025,9046.756336
2024-05-01,1486260.4313186815,193302.74815039829,128800.65944671437,34083.68364537912,346196.8131468637,245123.52956702246,31024.607323553308,171148.8495215995,248333.06010031363,193.2,154.7,153.5,83.2988,6.5,7.01,16463575.743870968,22530.69921875,45367121.95065601,4.8,16784076.14,3736970.239,4632067.68,5472084.54,172738.89553650003,17.59673913043478,33.320151714750516,8.578957202739726,29.72059241772559,1181.63057248865,24.5,72.003,25.5,0.685,12.95454025,9046.756336
2024-06-01,1492156.4053479854,182639.68883401193,123351.37557607534,35327.14412740756,375264.4179880358,235599.19875495436,30048.548570198986,170489.28591806555,229723.93626940218,198.4,151.0,154.0,83.4534,6.5,7.04,16706225.777,24010.599609375,45316566.57804,5.08,16880782.2,3762913.993,4656519.557,5501898.998,173812.4656394,17.9,33.45264565839891,8.476787912328767,29.675593424348744,1181.63057248865,24.5,72.003,25.5,0.685,12.95454025,9046.756336
2024-07-01,1497862.1866666668,174796.86656478725,121019.47692097335,34999.80813898994,374948.84108866425,237126.15403465694,27304.587614053045,174384.91631479427,237131.96750632158,203.3,149.8,155.3,83.744,6.5,6.97,16814631.44322581,24951.150390625,46998158.0763464,3.6,16814792.06,3757762.332,4574125.378,5524310.111,182075.2104761,17.247826086956522,33.5808659118284,8.377914405479451,29.63204560798086,1181.63057248865,24.5,72.003,25.5,0.685,12.95454025,9046.756336
2024-08-01,1524027.4525,166692.6168865884,118609.84831070132,34661.560950958396,374622.7449593136,238704.00782368294,24469.161292702236,178410.40105808058,244786.9331178049,202.7,145.8,154.4,83.8709,6.5,6.9,16713051.501935484,25235.900390625,47989820.882332005,3.65,16945162.14,3790000.507,4593071.082,5572191.191,174961.56143220005,16.57391304347826,33.713360545457235,8.275745115068492,29.587045710750655,1181.63057248865,24.5,72.003,25.5,0.685,12.95454025,9046.756336
2024-09-01,1550192.7183333335,158588.36720838954,116200.21970042928,34323.31376292685,374296.648829963,240281.86161270892,21633.73497135143,182435.8858013669,252441.89872928825,204.8,146.9,154.7,83.7888,6.5,6.78,16902874.477333333,25810.849609375,49537419.39132,5.49,17125052.0,3837176.897,4684512.485,5613590.766,173240.057356,15.9,33.845855611332404,8.173575824657535,29.542045247290922,1181.63057248865,24.5,72.003,25.5,0.685,12.95454025,9046.756336
2024-10-01,1575513.9433333334,191551.78137974453,120748.46853170947,33590.43765485513,350300.43187547015,237556.9155892502,23566.317349738045,183222.94661821573,259761.33737317534,209.4,150.3,156.7,84.0886,6.5,6.81,17088915.887419354,24205.349609375,48216675.08150001,6.21,17419531.89,3812249.898,4729328.556,5664805.752,187346.4760803,15.965934065934066,33.97407710617699,8.07470231780822,29.49849580470709,1181.63057248865,24.5,72.003,25.5,0.685,12.95454025,9046.756336
2024-11-01,1621409.8117391306,225613.97602347806,125448.32565736565,32833.132343181,325504.34102249413,234741.1380316762,25563.319140737545,184036.24279562617,267324.75730519206,208.4,148.1,156.4,84.4971,6.5,6.79,17205548.247333333,24131.099609375,47116246.472735,5.48,17508956.0,3851151.54,4798401.805,5752280.618,182269.0290331501,16.034065934065936,34.10657318317022,7.97253302739726,29.453494016713506,1181.63057248865,24.5,72.003,25.5,0.685,12.95454025,9046.756336
2024-12-01,1665825.1682608696,258577.39019483305,129996.57448864583,32100.256235109275,301508.12406800134,232016.19200821748,27495.90151912416,184823.30361247496,274644.1959490792,205.9,158.0,155.7,85.6232,6.5,6.76,17364698.92516129,23644.80078125,46559992.6102878,5.22,17742873.0,3893504.019,4905686.409,5812623.515,176856.594932395,16.1,34.234795759545925,7.873659520547945,29.409943157356864,1181.63057248865,24.5,72.003,25.5,0.685,12.95454025,9046.756336
2025-01-01,1711721.0366666669,247286.0972159302,138452.8088383837,32530.01123190472,304991.5655019164,247390.6232728936,29661.506780402404,185731.78152559753,284112.64769754565,200.9,161.6,155.0,86.6414,6.5,6.71,17634803.684193548,23508.400390625,47277377.1443661,4.26,17874755.76,3913968.873,4956419.413,5849356.319,195505.98079420003,16.36021897810219,34.36729306058541,7.771490230136986,29.36493976589998,1181.63057248865,24.5,72.003,25.5,0.685,12.95454025,9046.756336
2025-02-01,1671933.1394444446,235994.80423702733,146909.04318812155,32959.76622870017,308475.00693583145,262765.0545375697,31827.11204168065,186640.25943872004,293581.0994460121,197.6,151.1,154.9,87.4006,6.5,6.73,17761083.771785714,22124.69921875,48890279.8210239,3.61,17989988.09,3916782.663,4995649.455,5898807.503,183646.43656833004,16.62043795620438,34.49979106528174,7.669320939726028,29.319935452674073,1181.63057248865,24.5,72.003,25.5,0.685,12.95454025,9046.756336
2025-03-01,1635995.683888889,225796.2170302764,154546.93227820736,33347.932032257355,311621.3411342064,276651.6376153417,33783.142600254556,187460.8201344436,302133.2494123689,196.2,166.3,154.8,85.5814,6.25,6.62,17903981.3616129,23519.349609375,48815953.39668,3.34,18243972.33,3985659.551,5093565.108,5971696.13,196141.2004414,16.855474452554745,34.61946733297665,7.577039,29.279285543366328,1181.63057248865,24.5,72.003,25.5,0.685,12.95454025,9046.756336
2025-04-01,1596207.7866666669,213551.85724869775,147177.78010113022,34069.73888551846,345048.79227014416,268950.96894350555,32208.123791835456,187351.93127501154,284381.09160204174,196.0,151.8,154.2,85.0535,6.25,6.4,18169334.348666668,24334.19921875,49214457.41038861,3.16,18186759.16,3943926.906,5021392.429,5999591.977,236716.430001,17.115693430656936,34.7519668288189,7.474870011772423,29.234279276784704,1181.63057248865,24.5,72.003,25.5,0.685,12.95454025,9046.756336
2025-05-01,1604418.425128205,201702.47681491196,140046.34251041044,34768.261646738894,377397.938530729,261498.70893850282,30683.91204175244,187246.55495943208,267201.58404366055,196.1,157.6,153.7,85.4778,6.0,6.23,18124368.406129032,24750.69921875,50588880.4771625,2.82,18287596.63,3933611.948,5020623.073,6080166.112,201050.3396495,17.367518248175184,34.88019296879908,7.375997398696409,29.190723749214765,1181.63057248865,24.5,72.003,25.5,0.685,12.95454025,9046.756336
2025-06-01,1612902.7515384618,189458.1170333333,132677.19033333333,35490.0685,410825.3896666667,253798.04026666668,29108.893233333332,187137.6661,249449.42623333333,198.1,153.3,153.7,85.5439,6.0,6.34,18153255.713666663,25517.05078125,51305315.540120006,2.1,18483097.64,4001401.411,5067273.378,6145222.393,184596.50640922695,17.62773722627737,35.01269421577214,7.273829972603262,29.145715188705122,1181.63057248865,24.5,72.003,25.5,0.685,12.95454025,9046.756336
2025-07-01,1621113.39,181224.3259246377,130025.31042028987,35604.039739130436,411412.4764057971,256545.4352014493,26668.821863768113,191369.1523826087,256516.8992442029,201.6,156.2,154.4,87.5544,5.5,6.41,18358409.491612904,24768.349609375,52915526.8506952,1.61,18501871.0,4002277.041,5040439.963,6180071.766,195735.22505398,17.87956204379562,35.140922153424825,7.174959486045733,29.102157306238986,1181.63057248865,24.5,72.003,25.5,0.685,12.95454025,9046.756336
